,area,time,average speed,average duration,average transit time,average walk time,average walk share,walk share under 40%,average amount of changes,max changes,time difference to car,transit is reasonable,out of,cinemas,population aggr,population density,built-up area,transit departures,transit stops,level
0,Heidelberg,18,2.04163346393262,1509.47211538462,777.980769230769,731.491346153846,52.8291209054852,0.317307692307692,0.603365384615385,4,812.731009615385,89.6634615384616,1,5,162273,1491.07,30.58,47709,238,top
1,Halle (Saale),18,2.03098918880233,1606.7093385214,804.980544747082,801.728793774319,55.2329785460776,0.259615384615385,0.363813229571984,5,995.08326848249,89.0384615384616,0.988461538461538,6,242083,1792.81,52.92,60209,290,top
2,Osnabrück,18,1.95874224913848,2003.08595641646,1118.64406779661,884.441888619855,44.8739440829145,0.46875,0.871670702179177,5,1373.28716707022,84.6153846153846,0.992788461538462,5,167366,1397.05,50.2,60580,317,top
3,Aachen,18,1.9087026819345,1160.99788461538,747.692307692308,413.305576923077,41.8565072024249,0.521153846153846,0.780769230769231,7,638.339615384615,79.8076923076923,1,5,252136,1567.52,40,83796,414,top
0,Landau in der Pfalz,18,1.0464947923634,1325.34607843137,488.235294117647,837.110784313725,67.0506430460976,0.105769230769231,0.176470588235294,3,936.435294117647,46.1538461538462,0.980769230769231,2,47610,574.03,24.95,6234,90,mid
1,Bad Soden am Taunus,18,1.2401457989113,960.501923076923,439.615384615385,520.886538461538,60.227956343753,0.288461538461538,0.0192307692307692,1,751.378846153846,33.6538461538462,1,1,23162,1852.96,40.8,2117,33,mid
2,Alfeld (Leine),18,1.05949833657812,4068.38942307692,1994.42307692308,2073.96634615385,60.137771621994,0.0961538461538461,0.509615384615385,2,3586.75096153846,27.8846153846154,1,1,18723,256.9,18.8,2264,65,mid
0,Kühlungsborn,18,1.11165373070417,1787.42596153846,180,1607.42596153846,89.5287633316919,0,0,0,1365.63203883495,57.6923076923077,1,1,8037,497.03,29.62,363,11,base
1,Ankum,18,1.08589236010815,1265.12873563218,113.793103448276,1151.33563218391,88.0736675279212,0,0,0,1050.24482758621,33.6538461538462,0.836538461538462,1,8035,121.19,12.58,796,43,base
